Timestamp,Frame_Rate,CoG_Angle,Movement_Rate,Label
2025-04-21 18:03:10.011932,20.270818130219734,82.9593203327636,143.04796048079473
2025-04-21 18:03:10.069271,17.44013673067197,81.48843737807015,67.05099890163902
2025-04-21 18:03:10.121807,19.03456677326024,82.20871872952605,297.2246588552379
2025-04-21 18:03:10.172361,19.780828421094274,82.63770601228231,249.1684925663707
2025-04-21 18:03:10.215903,22.96633135822884,82.23210314765213,80.89684616537423
2025-04-21 18:03:10.266025,19.9513187821715,83.85078994252076,462.6460261824263
2025-04-21 18:03:10.311564,21.95919980675904,82.45879761558734,100.148538646258
2025-04-21 18:03:10.363608,19.214510798555068,83.16793307332777,27.041763665346174
2025-04-21 18:03:10.415479,19.27859497599815,84.19640198090478,461.96309962311443
2025-04-21 18:03:10.458818,23.073905720021227,85.94570682634667,323.0660458470014
2025-04-21 18:03:10.504550,21.866526720895653,86.55625824546117,71.53245299837829
2025-04-21 18:03:10.553740,20.329335230737957,89.44290224972832,601.6363401454054
2025-04-21 18:03:10.596957,23.139042506421085,89.37754658414953,92.63737918914191
2025-04-21 18:03:10.644338,21.105506426626707,88.7539438485642,58.33076800263205
2025-04-21 18:03:10.693485,20.3471218996073,85.15166263636657,705.1043909483923
2025-04-21 18:03:10.744301,19.678841309823678,80.12602917192635,451.40966014755014
2025-04-21 18:03:10.791882,21.016792417141296,80.00644152064133,97.87645674148196
2025-04-21 18:03:10.832820,24.427182568762518,68.102005982035,1562.1076932316098
2025-04-21 18:03:10.880174,21.117540228914137,65.96005682003472,236.85376058102904
2025-04-21 18:03:10.938133,17.253575803585296,65.47366471390797,278.5149253638519
2025-04-21 18:03:10.980222,23.759176982109338,53.605060333822024,2001.5892944564175
2025-04-21 18:03:11.029283,20.382788773159945,43.74896369977806,1128.5051761877228
2025-04-21 18:03:11.080220,19.63209454816734,40.96245162883908,469.3272698212346
2025-04-21 18:03:11.141051,16.438986700859758,30.079720425591038,1150.3123212595667
2025-04-21 18:03:11.178866,26.44453259288642,28.537003158497722,218.60937297658316
2025-04-21 18:03:11.231961,18.834165175628588,27.99542757989072,92.03736998968164
2025-04-21 18:03:11.281857,20.041686708353375,23.12381918906741,854.1432466874069
2025-04-21 18:03:11.319935,26.261883502284782,19.324373119834053,692.5574396852533
2025-04-21 18:03:11.371535,19.37984496124031,19.406208202887832,129.32771544735655
2025-04-21 18:03:11.421837,19.879925251481055,20.6186069574304,596.3993138034749
2025-04-21 18:03:11.470194,20.67952933391236,20.293608893012127,166.84081180783687
2025-04-21 18:03:11.512857,23.439514333263016,20.1600955580674,129.46967997757451
2025-04-21 18:03:11.565827,18.878610534264677,26.417700563348962,875.7127381992382
2025-04-21 18:03:11.612687,21.340162185232607,27.051426343727844,430.5509882447409
2025-04-21 18:03:11.662041,20.26178222636463,27.117278218431323,206.23807635933062
2025-04-21 18:03:11.724125,16.107209587011145,33.494571540514976,566.6386183068996
2025-04-21 18:03:11.774920,19.68697706467172,32.80961460322453,134.92317465181893
2025-04-21 18:03:11.814603,25.19970768339087,33.449640984227685,97.9040909875331
2025-04-21 18:03:11.861506,21.32059782956314,36.26423980219731,794.6578782343646
2025-04-21 18:03:11.910677,20.337190620487686,38.46564647267329,344.3982652238838
2025-04-21 18:03:11.957943,21.156856937333387,39.942748172054806,142.6408700620365
2025-04-21 18:03:12.000605,23.44006375697342,40.11210763175402,647.456243548535
2025-04-21 18:03:12.052733,19.18354818907305,39.875326821950544,114.41792877949226
2025-04-21 18:03:12.100872,20.773177672988638,40.394972418567804,67.75923269890406
2025-04-21 18:03:12.149731,20.467058269714894,36.58848699965624,522.033061176598
2025-04-21 18:03:12.199188,20.21958468973047,35.26068210668186,379.808632457253
2025-04-21 18:03:12.238778,25.25890376357666,35.4010477023239,374.2135224049088
2025-04-21 18:03:12.290402,19.37083527041686,32.43788816828517,420.0586587649326
2025-04-21 18:03:12.337748,21.121108435770708,32.038069937437626,185.6293196768124
2025-04-21 18:03:22.805091,0.09553522799434394,83.56863182082762,52.607510565613
2025-04-21 18:03:23.049327,4.0944004978791,76.75226512717076,151.48591384109125
2025-04-21 18:03:23.126591,12.942638227376268,81.63000724174182,549.4608681392983
2025-04-21 18:03:23.602230,2.102434829776364,38.99810010062161,409.00179604815713
2025-04-21 18:03:23.676921,13.388493928318004,39.19193333840659,266.43671080238283
2025-04-21 18:03:23.761465,11.828160484481455,31.797003116860232,2146.4647513976465
2025-04-21 18:03:23.836388,13.347036290591673,31.657652059025896,519.3161949654359
2025-04-21 18:03:23.915836,12.586849259893263,28.75099784969345,195.3835205029266
2025-04-21 18:03:23.999934,11.890889200694428,27.270524423952295,436.6222701967489
2025-04-21 18:03:24.077885,12.82857179510205,21.580144641567557,408.3508925263011
2025-04-21 18:03:24.158732,12.36904275978082,22.12321196574044,151.6089999826762
2025-04-21 18:03:24.241493,12.082985947487343,19.506109294937335,442.9621824546806
2025-04-21 18:03:24.312600,14.063313035284851,11.586417612047573,316.38312690002715
2025-04-21 18:03:24.395931,12.000336009408263,3.8409951882016307,292.6037197568253
2025-04-21 18:03:24.475511,12.565971349585324,62.56058630173378,270.0564615353246
2025-04-21 18:03:24.555112,12.562656248037085,46.9995143039985,377.02148399518364
2025-04-21 18:03:24.631720,13.053467000835422,44.60680483494495,329.52164081233593
2025-04-21 18:03:24.708174,13.079760378789862,46.974102002810625,393.90885662557963
2025-04-21 18:03:24.789201,12.341565157293248,31.677400099235722,593.1016168539098
2025-04-21 18:03:24.868187,12.660471475957765,28.598250774717062,536.4677329231148
2025-04-21 18:03:24.945837,12.878300064391501,22.67596340723365,379.19074255866377
2025-04-21 18:03:25.032652,11.518746760352473,23.229357839536995,298.34266417437857
2025-04-21 18:03:25.105364,13.752888106502366,29.960736112805918,434.71095471772605
2025-04-21 18:03:25.184796,12.589384630879243,61.578558292103615,738.3996936306864
2025-04-21 18:03:25.266597,12.224789428002103,45.75362520826278,543.3293430182056
2025-04-21 18:03:25.347314,12.388963910948128,51.57532776592655,407.64357899843753
2025-04-21 18:03:25.428017,12.391113093689206,22.32791913755528,609.4250586039643
2025-04-21 18:03:25.502868,13.359874951570454,12.854887938962735,661.380490082756
2025-04-21 18:03:25.582306,12.58843374707319,18.985684670932688,350.8089245390831
2025-04-21 18:03:25.661228,12.670738197207369,22.904378230434315,616.8588921376513
2025-04-21 18:03:25.747377,11.607795795656362,32.37629268400494,551.8853069681178
2025-04-21 18:03:25.817754,14.209187660741437,26.662650779422016,458.3498184252827
2025-04-21 18:03:25.915097,10.272952343774078,27.50927733448426,389.28266622894165
2025-04-21 18:03:25.998162,12.038764822729188,30.242014499021625,586.2287376093566
2025-04-21 18:03:26.070146,13.89197599466548,26.375990451936293,500.1603770189978
2025-04-21 18:03:26.151390,12.308601250553888,10.656587885965491,846.3725444707147
2025-04-21 18:03:26.231567,12.472404804370331,16.95700510968975,892.909095358692
2025-04-21 18:03:26.319064,11.428963278740985,12.596733225732274,412.2945290663204
2025-04-21 18:03:26.388316,14.440016172818115,12.755931632883824,1130.1313917252287
2025-04-21 18:03:26.466800,12.741450486723409,19.31035068317888,678.6627407494616
2025-04-21 18:03:26.549516,12.089559456453408,13.909696804167181,242.56799337388307
2025-04-21 18:03:26.629113,12.563287561088986,39.703692610896795,1222.1523684480146
2025-04-21 18:03:26.704403,13.281976358082083,54.28580754102034,480.1047330388
2025-04-21 18:03:26.786333,12.205541315757353,43.522923247986924,509.5462117345225
2025-04-21 18:03:26.941703,6.436248954109544,49.17080315434124,810.3514390457719
2025-04-21 18:03:27.026449,11.799966960092512,50.298583201931876,241.24790790037179
2025-04-21 18:03:27.106342,12.516741141276457,51.52636421080975,384.07052039267364
2025-04-21 18:03:27.183180,13.014393919675161,51.8892356407861,554.094888059045
2025-04-21 18:03:27.260176,12.987687672086862,52.25251417491313,222.3378908261162
2025-04-21 18:03:27.336966,13.02252897512697,52.46327746798423,458.29735244684457
2025-04-21 18:03:27.418171,12.314512653161751,51.289004224557644,354.4895600092562
2025-04-21 18:03:27.496250,12.807541080188015,50.895759553178735,143.8591782575993
2025-04-21 18:03:27.577690,12.278978388998036,51.789871575140246,279.68645747750037
2025-04-21 18:03:27.662309,11.817676881078718,54.859952091586436,209.20465106599468
2025-04-21 18:03:27.734502,13.85175848073913,56.573154340375254,243.98821506833278
2025-04-21 18:03:27.814030,12.574187707474097,56.06160356249435,317.8322432423559
2025-04-21 18:03:27.898647,11.817956202654313,55.44706713620609,399.2629276166447
2025-04-21 18:03:27.977994,12.602870933998764,56.58862328060474,251.10879871885862
2025-04-21 18:03:28.052094,13.49527665317139,59.464036632196624,328.4931017525242
2025-04-21 18:03:28.131530,12.588750692381288,60.172798952218436,237.46685686591607
2025-04-21 18:03:28.209316,12.855783817139333,60.47250988845075,151.40559524566285
2025-04-21 18:03:28.289908,12.408179471907882,60.26906431030988,712.5339879659676
2025-04-21 18:03:28.375539,11.678013803412316,60.36479843630532,572.3373097624966
2025-04-21 18:03:28.453776,12.781676189015426,59.343529142853704,150.25116400092236
2025-04-21 18:03:28.525360,13.96960214573089,56.15211219244058,262.3189929851518
2025-04-21 18:03:28.603553,12.788868568797719,55.50487849969643,241.50363194273905
2025-04-21 18:03:28.684522,12.350405710827602,55.382054804253464,123.75178069988092
2025-04-21 18:03:28.767214,12.093068253277222,55.68284677100334,169.40423263830988
2025-04-21 18:03:28.844421,12.952193453961428,60.66279274251026,159.2174599619696
2025-04-21 18:03:28.922433,12.818540737322463,61.20114055770116,128.56539766758905
2025-04-21 18:03:29.002329,12.516271152498248,53.12450088543857,237.16643386471694
2025-04-21 18:03:29.082041,12.545162585307105,49.23389365551448,240.123168340974
2025-04-21 18:03:29.162167,12.480343459051992,53.27177472400468,120.37702372141443
2025-04-21 18:03:29.244481,12.148601695944796,51.453717511550124,164.99439563174084
2025-04-21 18:03:29.320815,13.10032226792779,51.649450758544184,234.82638954447538
2025-04-21 18:03:29.403823,12.047031611410949,53.53300457603644,589.985334216861
2025-04-21 18:03:29.482137,12.769108971575964,52.47444970298831,380.8910565549443
2025-04-21 18:03:29.563775,12.24919767755212,54.97775629563224,123.70285527295853
2025-04-21 18:03:29.637308,13.599336352386004,53.48061124081018,153.09705905311986
2025-04-21 18:03:42.719036,0.07644250056261681,87.92292305547168,20.917178774877183
2025-04-21 18:03:42.797376,12.764871074802143,83.77543574548518,254.51213674575396
2025-04-21 18:03:42.877552,12.472560367192177,83.45594653223932,144.55292761079107
2025-04-21 18:03:42.960806,12.011434886011484,83.81457437794309,295.2420246194889
2025-04-21 18:03:43.034551,13.560241372296426,84.62203014833644,366.2221934442658
2025-04-21 18:03:43.117705,12.025879693099549,86.48689522098384,166.9692432993156
2025-04-21 18:03:43.194720,12.98448354216711,88.84954510038715,418.8752761102127
2025-04-21 18:03:43.277195,12.124886329190662,85.10342860177144,445.18232148755243
2025-04-21 18:03:43.350875,13.572204125950055,80.37904141240303,324.64291189076255
2025-04-21 18:03:43.433641,12.082255998840102,67.6445018426035,590.9957640514006
2025-04-21 18:03:43.512583,12.66752805857465,55.51180455014835,1005.5096448081127
2025-04-21 18:03:43.596064,11.978773613157484,45.62157715229861,405.06364306326475
2025-04-21 18:03:43.671507,13.255040229047095,35.6664789115381,819.6481549769287
2025-04-21 18:03:43.751052,12.571500408573762,27.989389690803982,701.798109443278
2025-04-21 18:03:43.835393,11.85662963446011,26.318287844552742,324.61066992393853
2025-04-21 18:03:43.911644,13.114582103841261,26.862606366239547,399.3048805562928
2025-04-21 18:03:43.986640,13.334044482372395,29.539634635219297,582.1063375001975
2025-04-21 18:03:44.062492,13.183568000843747,27.509286064682442,275.87883493278355
2025-04-21 18:03:44.152813,11.071622324819256,30.179843089884912,357.5441764134677
2025-04-21 18:03:44.220068,14.86878299011226,35.67818734745411,641.9665959552099
2025-04-21 18:03:44.299214,12.634877315341269,38.65484217269615,234.55655379293557
2025-04-21 18:03:44.379623,12.436418808839807,38.278801220864416,356.9844149482709
2025-04-21 18:03:44.460852,12.3108741951766,36.78485945359802,471.7782034888585
2025-04-21 18:03:44.537363,13.070016076119774,37.12357570269999,335.0585056360536
2025-04-21 18:03:44.617729,12.44307294129358,33.92459045378067,311.44762796242696
2025-04-21 18:03:44.695182,12.911055737027617,29.601976508435136,262.8964977739105
2025-04-21 18:03:44.777500,12.148011370538642,27.720612650671235,119.88080940852188
2025-04-21 18:03:44.854218,13.034750645220157,27.504764596204417,312.5689534561703
2025-04-21 18:03:44.937875,11.953572325089354,23.86960964743258,213.9532197254694
2025-04-21 18:03:45.011840,13.51990806462516,22.557121334495758,124.36533376141506
2025-04-21 18:03:45.090911,12.646861681273792,20.04913853860927,225.78924309191163
2025-04-21 18:03:45.187069,10.399550739408058,18.37768386958213,164.55215800623145
2025-04-21 18:03:45.275822,11.267224769866933,15.136926696346324,115.55447330285274
2025-04-21 18:03:45.344985,14.458597805184853,14.097663920247564,180.60816673473744
2025-04-21 18:03:45.427510,12.11754013935171,13.364983134707513,88.44010213991704
2025-04-21 18:03:45.502036,13.418135952553472,13.295645439770734,64.29324268769204
2025-04-21 18:03:45.582433,12.438275060014679,13.048119202979807,72.96983232682135
2025-04-21 18:03:45.661952,12.575610860297537,13.194728007710872,114.05774488571011
2025-04-21 18:03:45.745947,11.90547056372403,13.057247466594951,94.90828103729157
2025-04-21 18:03:45.829000,12.040504256318254,13.39997190059417,64.77620731793505
2025-04-21 18:03:45.899882,14.107954064501566,13.399308817189729,68.4006998536285
2025-04-21 18:03:45.979059,12.629930409083446,12.899265846315995,73.28925591397751
2025-04-21 18:03:46.055927,13.00931466930322,12.890434914436172,64.84685660326015
2025-04-21 18:03:46.134937,12.656625743576763,12.968233077645426,53.24707687521379
2025-04-21 18:03:46.219089,11.883258864911113,13.378207369602594,41.475049102340336
2025-04-21 18:03:46.295935,13.013039065143275,13.762192620899889,28.99503676803531
2025-04-21 18:03:46.378972,12.042824283150885,13.714485956920138,18.55148570723198
2025-04-21 18:03:46.457306,12.765848801286797,13.713668937197943,73.70792246594603
2025-04-21 18:03:46.535063,12.860578468819526,13.765348751417156,32.926965234373924
2025-04-21 18:03:46.617234,12.169743583502697,13.817405132379598,34.272552403814316
2025-04-21 18:03:46.692320,13.318061955624218,13.826785172800157,13.591553845239678
2025-04-21 18:03:46.766811,13.424440536440644,13.78779962362766,18.945936207003747
2025-04-21 18:03:46.848053,12.308904261342656,13.746872740110865,26.954709641677137
2025-04-21 18:03:46.928782,12.387122347607429,13.672475051660319,14.70481490410477
2025-04-21 18:03:47.004661,13.178876896110912,13.623972045638686,10.297887836823342
2025-04-21 18:03:47.084976,12.450974288738093,13.592334127269723,6.042721097681056
2025-04-21 18:03:47.163053,12.807869154808715,13.55320930100407,5.129186175128048
2025-04-21 18:03:47.244191,12.32468140698563,13.518015597664021,5.755050902008359
2025-04-21 18:03:47.320661,13.077023669412842,13.428956454833758,22.153478583383023
2025-04-21 18:03:47.400037,12.598266478532553,13.409199556654107,15.39955309530198
2025-04-21 18:03:47.479447,12.592872434202242,13.291282718333155,29.362382871629162
2025-04-21 18:03:47.560783,12.294678862988098,13.21351972431618,40.81771729738785
2025-04-21 18:03:47.634454,13.573862171003515,13.19478387220343,46.09355898111935
2025-04-21 18:03:47.718564,11.889192723814052,13.269030394480913,17.86064541086719
2025-04-21 18:03:47.792058,13.60655291588429,13.337692429467841,22.283385338442294
2025-04-21 18:03:47.877206,11.744257058298492,13.428507244512783,18.188531675906383
2025-04-21 18:03:47.953955,13.029485726198388,13.47005527748864,21.68084174842755
2025-04-21 18:03:48.030269,13.103755536336713,13.59973021472999,8.794335013366105
2025-04-21 18:03:48.111390,12.32726421025382,13.665801671659601,7.4354275587226795
2025-04-21 18:03:48.187879,13.073775314097452,13.745234520478851,12.753648091599274
2025-04-21 18:03:48.277450,11.164327740005136,13.765319275940376,14.042779669898238
2025-04-21 18:03:48.356077,12.718277436504,13.99075981744341,64.56717111904966
2025-04-21 18:03:48.433607,12.898232942086933,15.080878986686033,43.6657542956838
2025-04-21 18:03:48.505886,13.835277189778498,16.386450741625623,68.90582364954388
2025-04-21 18:03:48.593951,11.355248963833532,17.47353264685153,82.93895603221281
2025-04-21 18:03:48.663370,14.405278093893603,19.008223194701095,170.437214747572
2025-04-21 18:03:48.743773,12.437346865166722,20.095237183500615,73.6054189355394
2025-04-21 18:03:48.826346,12.110496167027964,20.842110478830485,78.49189705905374
2025-04-21 18:03:48.900461,13.492545368683801,21.501806467620263,98.74816433880757
2025-04-21 18:03:48.998034,10.248736843184078,22.061680670740497,64.65721695189143
2025-04-21 18:03:49.069178,14.055999100416058,22.883199888180396,99.05034409256858
2025-04-21 18:03:49.145691,13.069674434409839,24.219582796190842,85.82729279597494
2025-04-21 18:03:49.223833,12.797215325945073,24.429032963078573,64.82364225802874
2025-04-21 18:03:49.298418,13.407521619628612,23.968603522750833,110.33263389036118
2025-04-21 18:03:49.378605,12.470849389551923,28.817797425635884,87.06983277407909
2025-04-21 18:03:49.456125,12.899896800825593,30.380520862089373,45.320560387692325
2025-04-21 18:03:49.535380,12.617500473156268,31.110573695408505,68.44523087244684
2025-04-21 18:03:49.618720,11.999040076793857,33.399020657029155,115.25545124422237
2025-04-21 18:03:49.700979,12.156724492152835,34.03587437438197,50.74057833181662
2025-04-21 18:03:49.778927,12.829065530866732,35.4259061205179,121.25703753812824
2025-04-21 18:03:49.853311,13.443751344375134,39.28898768441241,124.5753551724048
2025-04-21 18:03:49.936336,12.044564890093346,42.364273841432656,66.0631288132534
2025-04-21 18:03:50.016593,12.459972338861409,47.4555674869386,128.79528677121294
2025-04-21 18:03:50.095631,12.652142007641894,63.271152996000595,162.83481443533486
2025-04-21 18:03:50.169599,13.519359723123511,66.43888608849919,80.35449287762748
2025-04-21 18:03:50.251045,12.27807381577978,73.13644280092943,152.98967921888263
2025-04-21 18:03:50.330314,12.615272048341721,82.81997363091881,160.2651885601689
2025-04-21 18:03:50.410771,12.428999341263035,85.80401686396024,109.60023949825603
2025-04-21 18:03:50.487561,13.02252897512697,83.88990294510874,133.13484441160702
2025-04-21 18:03:50.565943,12.758031180628207,86.41870166288665,164.63429907532498
2025-04-21 18:03:50.646563,12.403870007442322,80.20577128763006,86.59356251474514
2025-04-21 18:03:50.723954,12.921399129097699,79.98262432556453,171.74128776470198
2025-04-21 18:03:50.806890,12.057490112858108,74.10174125379177,142.25257686897896
2025-04-21 18:03:50.887687,12.376697154597325,71.73272710341561,174.48643071608475
2025-04-21 18:03:50.962709,13.329423369145049,61.32880044117661,326.46639939163276
2025-04-21 18:03:51.041048,12.765034018815658,47.524636893794806,193.15519808085332
2025-04-21 18:03:51.119014,12.8261036862222,47.212555051484046,55.678480520383
2025-04-21 18:03:51.206690,11.405629818878598,47.98620862760213,47.974673975373506
2025-04-21 18:03:51.279398,13.7536447158497,48.56644405931444,79.15024782564274
2025-04-21 18:03:51.360586,12.317091195743213,53.13946906573017,33.512759095123705
2025-04-21 18:03:51.436718,13.135081174801659,54.69347254061277,68.23242538187175
2025-04-21 18:03:51.519030,12.148896880163282,58.509854707791995,56.65837394959616
2025-04-21 18:03:51.601689,12.09789617585502,59.46477515663988,27.724784271609185
2025-04-21 18:03:51.686322,11.81572199969279,61.88667783486915,73.29832544603478
2025-04-21 18:03:51.755917,14.368848336805804,62.808931332045795,128.9849209031989
2025-04-21 18:03:51.834664,12.698896465897114,61.39427893496395,94.31456940155172
2025-04-21 18:03:51.912415,12.861570912271224,61.666470186040776,79.72692017422307
2025-04-21 18:03:51.994076,12.245747664123634,63.0266032690545,212.21583665595458
2025-04-21 18:03:52.079990,11.639546523267454,63.268071116373584,121.35091874438247
2025-04-21 18:03:52.151309,14.02150899479802,63.923549144831476,142.0682591231257
2025-04-21 18:03:52.228916,12.885435592150193,64.78747670961029,116.84294154635077
2025-04-21 18:03:52.316415,11.428702042309055,64.89673024145013,75.62423349069543
2025-04-21 18:03:52.390426,13.511505046547136,66.65001584930437,191.39244037556634
2025-04-21 18:03:52.474106,11.950286806883364,64.70846531860091,113.25082844694391
2025-04-21 18:03:52.552253,12.79639653473582,65.14789362804153,104.32772944360855
2025-04-21 18:03:52.623122,14.11054198591768,69.64505815756866,275.16192377793004
2025-04-21 18:03:52.709165,11.622095928779796,71.77480977593459,178.17701154090597
2025-04-21 18:03:52.786529,12.925908691381004,74.91382893376618,119.13467294502722
2025-04-21 18:03:52.862746,13.120432449453535,76.89216877328494,205.50770986972387
2025-04-21 18:03:52.945430,12.09423830487156,77.78017450438047,182.9560424608519
2025-04-21 18:03:53.024239,12.688906089406032,79.03058887616048,128.440651553222
2025-04-21 18:03:53.103257,12.655344351919815,82.21715258264265,293.4785366719239
2025-04-21 18:03:53.182334,12.645902095425978,83.49630165711226,147.4963385975916
2025-04-21 18:03:53.256555,13.47327575753493,82.19910365298468,224.02054543662786
2025-04-21 18:03:53.336753,12.469138881268858,81.68552918631507,108.63248846509357
2025-04-21 18:03:53.415124,12.759821872886656,76.0573798208709,143.236857767454
2025-04-21 18:03:53.495591,12.427454732996136,75.51544287913867,122.4691947883828
2025-04-21 18:03:53.577348,12.231368567829055,73.75555045268612,255.45055628998412
2025-04-21 18:03:53.658228,12.363996043521267,66.27669115428962,285.68775540348213
2025-04-21 18:03:53.732815,13.407162105997024,65.7957909044671,157.28796600406613
2025-04-21 18:03:53.813471,12.398333663955563,64.33038573598135,249.85705821485115
2025-04-21 18:03:53.892780,12.6089094554212,58.46678100455968,287.530343598209
2025-04-21 18:03:53.977437,11.812372278724737,55.03572130013227,138.21916817114138
2025-04-21 18:03:54.052699,13.286917700831761,54.47669327619553,258.5657969465581
2025-04-21 18:03:54.132748,12.492348436582594,51.7644110240318,284.8440153490989
2025-04-21 18:03:54.224834,10.859414026019156,47.917386946006,131.88930674517798
2025-04-21 18:03:54.306909,12.183978068839476,42.69845851791817,186.4410850669354
2025-04-21 18:03:54.376134,14.445648248465151,39.643934696501205,140.29329601443217
2025-04-21 18:03:54.450151,13.510409770728346,36.817023291245256,95.87906576935883
2025-04-21 18:03:54.525982,13.187218947396184,33.94844320676906,149.22783288477865
2025-04-21 18:03:54.610851,11.782865357197563,33.850735174923734,85.23088382870684
2025-04-21 18:03:54.688317,12.908889061007411,34.683795426664624,66.85683278811145
2025-04-21 18:03:54.765283,12.992750045474624,32.528932248704606,101.35491046749736
2025-04-21 18:03:54.847355,12.184423433083145,32.62000301129542,182.64108843210894
2025-04-21 18:03:54.927828,12.426528152299529,34.043160634637765,102.92141022363597
2025-04-21 18:03:55.004845,12.984146357297739,33.26856908894332,187.9413594183684
2025-04-21 18:03:55.078249,13.62323579096507,33.462758493570426,259.314793980417
2025-04-21 18:03:55.160519,12.155099064057373,32.03712984672631,110.63425235520326
2025-04-21 18:03:55.244754,11.871549830830414,29.268961657864836,176.35698713636506
2025-04-21 18:03:55.318248,13.60655291588429,27.614667052500337,249.6921860831224
2025-04-21 18:03:55.397634,12.596679515279773,26.41542058934726,151.97109671695785
2025-04-21 18:03:55.484570,11.502714640655194,26.620542632523208,219.15430246115798
2025-04-21 18:03:55.563864,12.611294675511388,29.27914709015595,253.752981482819
2025-04-21 18:03:55.637957,13.496551631058264,29.735204634268715,136.08498094957005
2025-04-21 18:03:55.712305,13.45026093506214,34.09729274041408,190.71034010159508
2025-04-21 18:03:55.793850,12.263167576184928,38.56354629953282,125.42686840004133
2025-04-21 18:03:55.875377,12.26587510885964,39.87041562602006,101.64084030415833
2025-04-21 18:03:55.952290,13.00170322312223,44.09531515003799,97.7186908566978
2025-04-21 18:03:56.030468,12.791322366906291,48.335611126495024,220.85725763733254
2025-04-21 18:03:56.110750,12.45609227473157,51.19820633703163,135.26336437895142
2025-04-21 18:03:56.188886,12.798198013719668,54.8340102128696,248.36893254833134
2025-04-21 18:03:56.269322,12.432244268735394,60.77937883558772,347.23478928501083
2025-04-21 18:03:56.349410,12.48626510838078,61.63622649455961,98.13562337073363
2025-04-21 18:03:56.427095,12.872497908219088,63.35668364609771,672.7644461829949
2025-04-21 18:03:56.510516,11.987389266491652,67.6631316282006,187.83612470458618
2025-04-21 18:03:56.586099,13.23048833732453,67.11079737690892,128.18758460559891
2025-04-21 18:03:56.676430,11.070396652312054,67.95523439033988,531.3161460881022
2025-04-21 18:03:56.750024,13.588064244367747,63.57257572104323,298.33222291786956
2025-04-21 18:03:56.825914,13.176966662274344,62.117669607833605,132.1201585342969
2025-04-21 18:03:56.907047,12.325440942649724,56.397424422461555,280.91364391425896
2025-04-21 18:03:56.986663,12.560289389067524,55.52335405323498,234.8752846337717
2025-04-21 18:03:57.063712,12.978753780062037,55.1180720308133,176.26683393348125
2025-04-21 18:03:57.141701,12.8223210965649,58.19417927622454,244.11991700558877
2025-04-21 18:03:57.227554,11.647816616775186,57.033124722927894,187.8435788468775
2025-04-21 18:03:57.300000,13.803384589901444,58.02513953202157,116.03069521565604
2025-04-21 18:03:57.380279,12.45655775483003,58.544510701293014,186.60072554781158
2025-04-21 18:03:57.459499,12.623074981065388,59.17988959241389,159.86136076709104
2025-04-21 18:03:57.539027,12.574187707474097,59.83637754080165,107.86676040834124
2025-04-21 18:03:57.616492,12.909055702575355,59.3845829671648,206.58016292652187
2025-04-21 18:03:57.695471,12.661593588169008,60.46311059822224,203.69632881198348
2025-04-21 18:03:57.774618,12.634717677233503,61.90760360681215,172.18400248102517
2025-04-21 18:03:57.861603,11.496234983043053,67.01351458093632,181.88814647997646
2025-04-21 18:03:57.939645,12.813613182645243,70.59334827409867,225.7106264983232
2025-04-21 18:03:58.011631,13.891590031394994,69.79025824170814,136.79468093477092
2025-04-21 18:03:58.094004,12.139900210020274,79.23034315387655,217.00413961369387
2025-04-21 18:03:58.171788,12.856114367993417,83.15352654277588,204.88622924622445
2025-04-21 18:03:58.251895,12.483303581459797,86.09511234809071,119.88501409392282
2025-04-21 18:03:58.329135,12.94665976178146,89.12145089492763,226.48934320824048
2025-04-21 18:03:58.409487,12.445240939864595,87.36072285973289,238.03199839757255
2025-04-21 18:03:58.493299,11.931465661241827,87.49546092061507,105.53560868112055
2025-04-21 18:03:58.566599,13.64256480218281,84.46340693828841,214.9984013591122
2025-04-21 18:03:58.646962,12.443537448825952,84.22702913208428,172.4335106635938
2025-04-21 18:03:58.727416,12.429462798617845,82.76618449337626,87.18640047710365
2025-04-21 18:03:58.810790,11.994146856334108,81.22981078755829,86.19988496089374
2025-04-21 18:03:58.887227,13.082669387861898,81.27568343079696,76.45517177224181
2025-04-21 18:03:58.963762,13.065917554060233,81.41149979697758,67.6001349604698
2025-04-21 18:03:59.042452,12.708095056551024,80.32187371790135,67.9955058353051
2025-04-21 18:03:59.130238,11.3913380265646,82.12562892826755,70.86111102065097
2025-04-21 18:03:59.201880,13.958292621646521,81.66442266072208,70.45575278460097
2025-04-21 18:03:59.287295,11.707545513083181,81.40052918091556,154.5070179033958
2025-04-21 18:03:59.362155,13.358268768367621,80.49577628456485,260.29269643521286
2025-04-21 18:03:59.438147,13.159279924202547,81.47525591557395,285.8298894642853
2025-04-21 18:03:59.518437,12.454851164528584,78.00169243643886,376.9481288015234
2025-04-21 18:03:59.596695,12.77824631347594,71.21204599673099,524.6100932428819
2025-04-21 18:03:59.676702,12.498906345694753,59.15378341557312,241.4877327815501
2025-04-21 18:03:59.755765,12.648141355627791,43.33819342513622,612.3895506265003
2025-04-21 18:03:59.835808,12.493284859388078,23.445718588370582,758.6666600287207
2025-04-21 18:03:59.913845,12.814434178658843,11.020117386832704,341.3380923639941
2025-04-21 18:03:59.995526,12.242749231767485,14.608931471886091,605.9915619983014
2025-04-21 18:04:00.070893,13.26840659705176,3.629096523895068,625.9783029987573
2025-04-21 18:04:00.156021,11.747016257870502,1.853970374611781,319.93222780837743
2025-04-21 18:04:00.238743,12.088682575372935,2.31868890821583,583.2385319576637
2025-04-21 18:04:00.470519,4.314510561921855,18.805933718528475,534.656968741553
2025-04-21 18:04:00.547364,13.01320840653263,17.356044494003783,391.2016583071317
2025-04-21 18:04:00.627028,12.552721430006025,21.18301416047822,196.14899062043727
2025-04-21 18:04:00.706669,12.556346605391695,28.89799536015883,390.65200753828015
2025-04-21 18:04:00.787867,12.315574275228453,25.59723774953464,262.64071643407715
2025-04-21 18:04:00.865306,12.91338989398107,22.236790825036984,218.66965543575463
2025-04-21 18:04:00.946805,12.27008920354851,18.451165008212225,253.57573832480855
2025-04-21 18:04:01.029413,12.10536509781135,15.782297012553494,208.4918613377729
2025-04-21 18:04:01.102374,13.705952495168653,13.309983953538527,212.67555974214767
2025-04-21 18:04:01.181477,12.641745572228611,12.75711838126651,172.34518499838813
2025-04-21 18:04:01.261906,12.433326287781771,14.111082137254984,183.12759586505402
2025-04-21 18:04:01.339810,12.83631135756829,14.989307866384069,87.26301947263195
2025-04-21 18:04:01.431077,10.956862831034218,12.739236371810396,131.13682787775562
2025-04-21 18:04:01.505035,13.521187701127667,12.598597540895282,168.97942259632055
2025-04-21 18:04:01.577985,13.708019191226867,11.591197114817566,72.48640848727142
2025-04-21 18:04:01.660562,12.109909538975744,8.498300420063234,182.4115463849121
2025-04-21 18:04:01.732273,13.944862015590356,8.459664658031027,183.64468884122294
2025-04-21 18:04:01.816849,11.82368520620507,7.426552739592621,73.49244088782693
2025-04-21 18:04:01.893864,12.98448354216711,6.547795944393021,165.5990991892422
2025-04-21 18:04:01.973277,12.59239671086598,7.345607203449643,125.35520616542468
2025-04-21 18:04:02.050393,12.96747756626381,7.763282370790475,59.667121172523764
2025-04-21 18:04:02.128605,12.785761775686595,7.823217946561542,104.93011616921478
2025-04-21 18:04:02.210867,12.156281150470448,7.75769517684469,127.8878102644638
2025-04-21 18:04:02.289040,12.792140508871348,7.426670118294757,108.04520211949712
2025-04-21 18:04:02.368608,12.567866478986527,8.092598820972157,90.72634058447395
2025-04-21 18:04:02.446104,12.903891813771034,8.63209475053016,89.27379786693737
2025-04-21 18:04:02.528392,12.152440209994166,8.771605921626938,28.665413723489337
2025-04-21 18:04:02.608713,12.4500441976569,9.128603870223282,36.626569962738365
2025-04-21 18:04:02.689088,12.441679626749611,9.360323457846995,40.55517432600318
2025-04-21 18:04:02.769024,12.510008006405124,9.798135620389111,55.385164797135054
2025-04-21 18:04:02.851266,12.159237372631988,10.298689940212496,49.14955250467928
2025-04-21 18:04:02.922895,13.960825922461574,11.167878037820076,32.224545538308114
2025-04-21 18:04:03.000891,12.821170316426484,11.61669638705682,24.636702732228986
2025-04-21 18:04:03.082858,12.200031720082473,11.78371564180318,53.72458471468735
2025-04-21 18:04:03.159735,13.007791667208657,11.496221647896077,81.27922699607875
2025-04-21 18:04:03.240231,12.422977539256609,11.313214483609721,52.0554839233431
2025-04-21 18:04:03.321863,12.250098000784007,10.949942985849917,83.52558331791366
2025-04-21 18:04:03.400893,12.653422750854105,8.388217847740446,93.93524378349191
2025-04-21 18:04:03.473207,13.82858091102691,6.589217583455872,77.67131519256247
2025-04-21 18:04:03.557173,11.909582450039302,4.2069816341970565,87.55812821553661
2025-04-21 18:04:03.636941,12.536355430749172,4.634476651073444,52.372117289598364
2025-04-21 18:04:03.709428,13.795577137969568,4.516681048509952,46.99765446379329
2025-04-21 18:04:03.806671,10.28351655131989,5.444275479111109,64.19800625352597
2025-04-21 18:04:03.889645,12.051968086388506,6.907275749664913,198.47648147388784
2025-04-21 18:04:03.974171,11.830679317606416,7.510653334924004,123.89379196157441
2025-04-21 18:04:04.043069,14.514209411013383,10.02630841545822,360.8531467670622
2025-04-21 18:04:04.122399,12.605571662674903,3.4373096619161347,118.24849889261725
2025-04-21 18:04:04.200926,12.734473493193423,7.438616557379158,152.9203082003576
2025-04-21 18:04:04.279568,12.71585158058035,20.1497915775845,184.59673300363121
2025-04-21 18:04:04.363426,11.924920699277349,36.16773055282495,59.70772317658246
2025-04-21 18:04:04.438749,13.2761573490169,54.955937478300704,158.08026123493212
2025-04-21 18:04:04.517210,12.745185506175043,54.387794496878215,169.13492107141246
2025-04-21 18:04:04.595322,12.802130274477673,46.949866516578695,165.10549802888409
2025-04-21 18:04:04.677229,12.2089687084132,71.48191887083121,204.18823560787
2025-04-21 18:04:04.755086,12.84406026433076,77.38397048983065,154.17671011966266
2025-04-21 18:04:04.833842,12.697445274010867,83.13870700643588,114.4672087284654
2025-04-21 18:04:04.913379,12.57276487672404,81.96263984944578,113.7028897161505
2025-04-21 18:04:04.990829,12.911555842479018,86.12343115310898,201.7201466281893
2025-04-21 18:04:05.079963,11.219063432584647,79.72343234589187,232.9013466162336
2025-04-21 18:04:05.159709,12.53981390916159,76.21526720519626,215.06705706677764
2025-04-21 18:04:05.232682,13.703698628259769,69.494638497778,168.49360167790604
2025-04-21 18:04:05.305988,13.641448176138379,48.94389990091205,340.6655979302521
2025-04-21 18:04:05.386810,12.372868773353789,49.349771151131044,220.0549509692071
2025-04-21 18:04:05.463906,12.970841548199648,63.204404166202934,339.29483693841826
2025-04-21 18:04:05.545400,12.270842025179768,61.631021130256144,97.26899833356777
2025-04-21 18:04:05.622098,13.038149625805106,67.78318513013409,190.72236717888802
2025-04-21 18:04:05.701520,12.590969756490644,60.89343009241607,282.28816485670666
2025-04-21 18:04:05.796710,10.505305179115453,65.25208869197071,178.34524118602027
2025-04-21 18:04:05.877423,12.389577887081389,66.13871110101567,200.85740436284362
2025-04-21 18:04:05.965233,11.388224575788634,71.75459307643095,149.82282655252376
2025-04-21 18:04:06.036185,14.094035404216935,70.45044756676431,140.52066355179912
2025-04-21 18:04:06.130939,10.553644173333051,86.29500768412063,217.4155277998444
2025-04-21 18:04:06.211307,12.442763288871193,68.92301534378767,297.59764245395314
2025-04-21 18:04:06.292387,12.333497779970399,62.97135666315069,104.39785078372502
2025-04-21 18:04:06.374362,12.19884111009454,52.26457827554371,162.99088637920934
2025-04-21 18:04:06.449022,13.39405304045004,42.77825490860966,260.11709601985274
2025-04-21 18:04:06.533304,11.86492964096723,41.569281572525604,210.79954294306626
2025-04-21 18:04:06.606512,13.659709321385641,25.192966979878896,401.73237440379046
2025-04-21 18:04:06.686103,12.564234649646318,28.104596954934514,335.36949581685025
2025-04-21 18:04:06.765838,12.541543864049665,25.282625164694217,261.3620336255044
2025-04-21 18:04:06.850018,11.879306248515086,16.640739198819023,212.6689751455058
2025-04-21 18:04:06.927219,12.95320008808176,4.69433144327849,243.81115295434915
2025-04-21 18:04:07.002041,13.365053059260646,9.841763941379746,187.6313608112827
2025-04-21 18:04:07.080325,12.774002350416431,7.957548723318497,285.86661441784054
2025-04-21 18:04:07.888204,1.2378091273569434,17.325803581369055,166.65865043917825
2025-04-21 18:04:07.969883,12.243049008925183,16.888713024386746,111.25431774863797
2025-04-21 18:04:08.047975,12.805409004763613,14.102451855378007,120.77343900750608
2025-04-21 18:04:08.127523,12.571026298587018,15.342719552158513,306.7984879289591
2025-04-21 18:04:08.204387,13.00999167360533,11.115719209238033,185.59826337502466
2025-04-21 18:04:08.284198,12.52960118279435,7.906547572967917,219.44417267062315
2025-04-21 18:04:08.363680,12.581464985782945,0.4304732299638369,379.194048024177
2025-04-21 18:04:08.444753,12.334562678080248,1.7015058292561378,156.52692881538496
2025-04-21 18:04:08.529144,11.849604815679397,1.796627806858272,170.50225718475932
2025-04-21 18:04:08.607661,12.736095367882115,4.355101968580322,230.6619655212767
2025-04-21 18:04:08.693258,11.682652429407572,5.537122063097713,131.21821728405186
2025-04-21 18:04:08.764742,13.989144423927032,8.261677495579384,407.1177589760257
2025-04-21 18:04:08.839708,13.339380519168689,10.869091413248986,475.043298631891
2025-04-21 18:04:08.923419,11.945861356333099,14.41712965784623,287.09271716521084
2025-04-21 18:04:08.997415,13.5142440131899,18.683131618069197,458.5660905556474
2025-04-21 18:04:09.077130,12.544690459762906,20.81832613328978,308.4497595008498
2025-04-21 18:04:09.157454,12.449579204222896,26.472126239694145,276.34984020026366
2025-04-21 18:04:09.235860,12.754125959747977,28.233942890307013,262.06458084322776
2025-04-21 18:04:09.323239,11.444397395255153,33.090626675068606,277.2373388479437
2025-04-21 18:04:09.397079,13.542795232936077,35.652011869363335,170.37016902016512
2025-04-21 18:04:09.474144,12.97605917082982,39.79328128947597,238.02843332702503
2025-04-21 18:04:09.553653,12.57719251908589,43.45724954371644,248.05301052648514
2025-04-21 18:04:09.632126,12.743236527213181,45.397015174317,153.73620280917973
2025-04-21 18:04:09.711744,12.55997387525434,50.65510771353772,317.37938640067927
2025-04-21 18:04:09.794015,12.154951319419967,58.071733788911956,249.20920510911694
2025-04-21 18:04:09.894665,9.935419771485344,60.32033030780829,94.65250068279754
2025-04-21 18:04:09.973559,12.675235125611579,63.51523371266532,132.50678508234202
2025-04-21 18:04:10.041570,14.703503844966255,66.18586627556739,168.7920525010077
2025-04-21 18:04:10.121200,12.558081125204067,66.13322724389346,65.99991456287468
2025-04-21 18:04:10.202879,12.243049008925183,67.412198175337,163.13163433754664
2025-04-21 18:04:10.284331,12.27716937582871,72.25638785750824,201.0942493830704
2025-04-21 18:04:10.358931,13.404825737265416,74.2190712601988,141.34956658577138
2025-04-21 18:04:10.439891,12.351778656126482,75.99719163901801,198.90583221354714
2025-04-21 18:04:10.518623,12.701315856322715,76.92525882133857,200.63302132454797
2025-04-21 18:04:10.597597,12.662395218679565,77.71083436268006,156.3526648372168
2025-04-21 18:04:10.677210,12.560762689510506,77.83513048796807,224.91050274097944
2025-04-21 18:04:10.755846,12.716821811892773,78.90378839584314,166.4382109101001
2025-04-21 18:04:10.834933,12.644303109234134,80.05569016396625,124.31155430947122
2025-04-21 18:04:10.913998,12.647821412761653,81.70336387283949,187.1502086675925
2025-04-21 18:04:10.994176,12.472249245428921,84.25973065132335,168.78959893605492
2025-04-21 18:04:11.088900,10.556986613740973,85.14495929854678,108.22209535373305
2025-04-21 18:04:11.163283,13.443932081255126,86.27276794670583,137.9027648414224
2025-04-21 18:04:11.230222,14.938974290025246,85.9804816144523,212.65440830386132
2025-04-21 18:04:11.309386,12.632004446465565,86.22187838979968,119.97889715878846
2025-04-21 18:04:11.389125,12.54091473432072,86.06774142151242,198.57741676596146
2025-04-21 18:04:11.467363,12.781512819857358,86.93043493294364,243.50805354734842
2025-04-21 18:04:11.548990,12.250848371249708,88.14763377920134,129.61459112557236
2025-04-21 18:04:11.635548,11.552947156819705,89.11328341909359,85.33670807462669
2025-04-21 18:04:11.705796,14.235280719735792,89.76782222730536,197.59497299564586
2025-04-21 18:04:11.783948,12.795577848295629,89.71053750468786,115.90579370616227
2025-04-21 18:04:11.866662,12.089851778417197,89.80477750617584,117.84665779427324
2025-04-21 18:04:11.943883,12.94984524934927,88.21259051485919,75.35171343799071
2025-04-21 18:04:12.024981,12.330760314681003,89.18987834418056,77.38603851259485
2025-04-21 18:04:12.107168,12.167374402277733,89.56538669725506,110.85153674340177
2025-04-21 18:04:12.180805,13.58012955443595,88.30926625938439,146.45305794783624
2025-04-21 18:04:12.264713,11.917814749487535,87.02304444110393,144.52928476291873
2025-04-21 18:04:12.346475,12.230620581688315,84.70838295308151,218.51347038536605
2025-04-21 18:04:12.419819,13.63438045375218,80.41224052711242,227.83347272635888
2025-04-21 18:04:12.498982,12.632164016017585,77.68173403510315,105.96584097446123
2025-04-21 18:04:12.577644,12.712618545167935,76.82235955928907,123.77264874691163
2025-04-21 18:04:12.655593,12.828900948055779,77.37590855117708,177.51872575709308
2025-04-21 18:04:12.735660,12.489540010241424,81.26320446488444,159.77241427635445
2025-04-21 18:04:12.818722,12.039199634008332,82.95033676482626,111.01013000118225
2025-04-21 18:04:12.898410,12.548940869390623,84.8212967057619,68.9652652661386
2025-04-21 18:04:12.977059,12.714719831148521,85.45181717380676,39.660085316067615
2025-04-21 18:04:13.054317,12.943643376737684,86.49408790263303,60.30375088727073
2025-04-21 18:04:13.136732,12.13371352302372,86.86200323901849,131.96246949293067
2025-04-21 18:04:13.213076,13.0986063082888,86.44761389231988,65.40427739487826
2025-04-21 18:04:13.298635,11.687841138863241,85.51328708288654,115.87964537727447
2025-04-21 18:04:13.376845,12.786088735455824,85.06058820535361,80.64181953619575
2025-04-21 18:04:13.469651,10.775165398788872,84.5374409424402,68.23248481938914
2025-04-21 18:04:13.548038,12.757217395741641,85.84078675091199,89.02053843422783
2025-04-21 18:04:13.618544,14.183190083113494,87.9717909098697,196.97318798127816
2025-04-21 18:04:13.699788,12.308601250553888,89.90232014524996,104.44590334713568
2025-04-21 18:04:13.774928,13.308490817141337,88.79861068492295,205.7131342111113
2025-04-21 18:04:13.851854,12.999506018771287,89.61110376619162,130.76182877982396
2025-04-21 18:04:13.929859,12.819691045445804,88.20573131668522,125.85392486846578
2025-04-21 18:04:14.006099,13.116474291710388,84.66188684889696,225.67570689395333
2025-04-21 18:04:14.084488,12.75689191085484,81.9835176429592,163.10345686161702
2025-04-21 18:04:14.164190,12.54673659381195,80.73430602809387,66.19663521521625
2025-04-21 18:04:14.260592,10.37322877118732,81.73869421539202,113.73475202200935
2025-04-21 18:04:14.338908,12.768782879615916,83.04981719535697,63.43197272316743
2025-04-21 18:04:14.417670,12.696477997003631,84.13496623501797,60.51279075708828
2025-04-21 18:04:14.497471,12.531171288580344,86.43723893940873,93.71947051098645
2025-04-21 18:04:14.578282,12.374552969273985,89.23289570463427,123.35013814178161
2025-04-21 18:04:14.656705,12.751361207808932,89.94730043359164,158.21706746162377
2025-04-21 18:04:14.743643,11.502450021854655,87.14222573696955,198.21271269457364
2025-04-21 18:04:14.816201,13.782077786047024,86.37389525069997,256.4618014219037
2025-04-21 18:04:14.897723,12.266627413458943,87.66682228227212,118.79893118485806
2025-04-21 18:04:14.980825,12.033404731534741,88.94928248344593,217.49216245609506
2025-04-21 18:04:15.051756,14.098208117748236,88.69799346187598,224.13904787646518
2025-04-21 18:04:15.129342,12.888923259350914,88.12361476441431,124.03621876753057
2025-04-21 18:04:15.208672,12.605571662674903,86.94749189160986,183.01247875479856
2025-04-21 18:04:15.291728,12.04006935079946,88.15606388026708,405.3110880825154
2025-04-21 18:04:15.370983,12.617500473156268,88.32390550966791,206.29993494355188
2025-04-21 18:04:15.450955,12.504376531786125,89.60267594646113,430.57763662297344
2025-04-21 18:04:15.530624,12.55193362537499,86.89059023021305,377.0821160539903
2025-04-21 18:04:15.606336,13.207945900253593,86.62007160728294,217.91224520686146
2025-04-21 18:04:15.684130,12.854461783685117,84.1406479400022,370.6967387819874
2025-04-21 18:04:15.764053,12.51204284123469,80.74391218393683,336.62321943336786
2025-04-21 18:04:15.843742,12.548783395449812,82.29028607584476,244.6753752357098
2025-04-21 18:04:15.938091,10.598946464721406,83.05498011755671,431.0445354643179
2025-04-21 18:04:16.007131,14.484356894553882,81.9587927841633,556.4811665500856
2025-04-21 18:04:16.081916,13.371665440930666,80.22602804300102,297.37418303462607
2025-04-21 18:04:16.165550,11.956859650381423,78.36303774209995,458.6725992611832
2025-04-21 18:04:16.239812,13.465837171096927,79.9400743358271,617.4772939926155
2025-04-21 18:04:16.317779,12.825939179396412,79.27071686139422,345.1053223346896
2025-04-21 18:04:16.399552,12.22897533415675,79.12492365358332,452.3839126752516
2025-04-21 18:04:16.477029,12.90705628767247,72.91420144674734,609.1548057906127
2025-04-21 18:04:16.557663,12.401716397549421,72.02025179745301,353.5417190317599
2025-04-21 18:04:16.634029,13.094832778985412,70.91387676617265,566.7595474818421
2025-04-21 18:04:16.713379,12.60239445494644,69.13298388058595,599.5271052496349
2025-04-21 18:04:16.791939,12.729124236252545,68.7764021302118,350.1994730763024
2025-04-21 18:04:16.869958,12.817390635614402,65.33915901227579,518.1221521230196
2025-04-21 18:04:16.955118,11.742602160638798,62.866087068638784,477.2189671011809
2025-04-21 18:04:17.034388,12.615112905260503,62.18893685239292,246.87814446048844
2025-04-21 18:04:17.117440,12.04064923180658,59.95922305365472,608.9889536381934
2025-04-21 18:04:17.194076,13.048697739965553,57.52335244703078,527.0219513851496
2025-04-21 18:04:17.268166,13.49709812390336,55.873659643530445,383.86339338785814
2025-04-21 18:04:17.348768,12.406640033746061,58.16270118372057,581.2200015679018
2025-04-21 18:04:17.426961,12.788868568797719,57.203204512876155,751.5608198136149
2025-04-21 18:04:17.502226,13.286388095396267,55.3617366132322,562.3164195172712
2025-04-21 18:04:17.587315,11.752400427787375,51.29503796855204,393.3543195361638
2025-04-21 18:04:17.664867,12.894573963276255,48.24765236590816,446.5015035262201
2025-04-21 18:04:17.740949,13.143713361899005,48.01078999720876,153.83407462928562
2025-04-21 18:04:17.823350,12.135775051273649,49.45651043036751,205.37378514672267
2025-04-21 18:04:17.903338,12.501875281292193,39.61286939901366,298.81508534767767
2025-04-21 18:04:17.978115,13.373096005456224,40.75942644926562,134.6348127179961
2025-04-21 18:04:18.079901,9.824533825869961,33.23446007822425,175.01998520538964
2025-04-21 18:04:18.155763,13.18183016530015,30.91220821819761,153.45784207526907
2025-04-21 18:04:18.230573,13.367196898810318,29.17502580381396,122.58323574459085
2025-04-21 18:04:18.313730,12.025445843404645,30.57755399498409,132.40716894104125
2025-04-21 18:04:18.387382,13.577363819040896,32.870745023235365,140.5525125417475
2025-04-21 18:04:18.470321,12.057053979430666,34.885602847694216,74.00532503635641
2025-04-21 18:04:18.546036,13.207422571485173,38.203482325920234,119.25425788272132
2025-04-21 18:04:18.623564,12.89856567949644,47.08367434451912,191.16408996767822
2025-04-21 18:04:18.705751,12.167374402277733,50.727760568453085,74.94310396422995
2025-04-21 18:04:18.780793,13.325870845659765,51.99105206667148,224.15496618666074
2025-04-21 18:04:18.861632,12.370266826655453,59.727392015832194,195.19472236431145
2025-04-21 18:04:18.943466,12.21985971601046,64.1331120031959,170.8636581021535
2025-04-21 18:04:19.019107,13.220343464523209,71.24473991578189,390.6067990650085
2025-04-21 18:04:19.101383,12.154212650104526,75.71585345125722,435.41843290664565
2025-04-21 18:04:19.176942,13.234690771450126,81.11655294215208,272.81328905146813
2025-04-21 18:04:19.256702,12.537612838515548,61.07452819122919,314.6324179847743
2025-04-21 18:04:19.335629,12.669935510028255,33.271561054263714,407.4136079035975
2025-04-21 18:04:19.413865,12.781839562349813,56.94790411806371,438.74223113820915
2025-04-21 18:04:19.499370,11.695222501608093,64.85846194516218,380.827780269997
2025-04-21 18:04:19.656500,6.364157067396424,71.51051658489399,920.3157269468617
2025-04-21 18:04:19.733556,12.977574750830565,73.27368139969705,512.0970099064747
2025-04-21 18:04:19.896771,6.126887847317955,79.4133271068381,172.27180390029318
2025-04-21 18:04:20.454847,1.791870641274665,0.09880373073521348,169.20249229429393
2025-04-21 18:04:20.524619,14.33239695006593,0.390047125877047,429.376009005779
2025-04-21 18:04:20.711550,5.349567487468637,15.352134483128998,472.8847450759888
2025-04-21 18:04:20.792297,12.384361028892714,15.65622144266898,206.7945866712326
2025-04-21 18:04:20.865872,13.591573224600747,14.9782469820198,366.06566657911213
2025-04-21 18:04:20.940864,13.334755707275443,16.844375025475333,427.3524981107447
2025-04-21 18:04:21.023187,12.147273544452949,17.32586075618476,132.426550220252
2025-04-21 18:04:21.097832,13.39674459106437,15.70348879306589,287.17960328695216
2025-04-21 18:04:21.178731,12.361092226109099,17.853843835455674,418.50429957252686
2025-04-21 18:04:21.257912,12.629292380747906,20.050949747545257,201.83154873055565
2025-04-21 18:04:21.337892,12.503125781445362,21.90516514156789,239.8670226455471
2025-04-21 18:04:21.411349,13.613406482704168,23.68841820242086,206.36095220103732
2025-04-21 18:04:21.493641,12.15184951149565,24.211660470002656,108.79738933919816
2025-04-21 18:04:21.575767,12.176411854954582,21.73065306799775,214.90569046792262
2025-04-21 18:04:21.649529,13.557116130256773,21.265874865321965,258.15335744213115
2025-04-21 18:04:21.731544,12.192891544229713,20.642882293027423,138.67130125790112
2025-04-21 18:04:21.806304,13.376136971642591,21.946885694717803,324.94343999145747
2025-04-21 18:04:21.884513,12.786252221611324,24.783743775425936,221.1712377997132
2025-04-21 18:04:21.964440,12.511416667709286,24.560188927046795,108.20825212031592
2025-04-21 18:04:22.058231,10.662003816997366,22.173609220065046,119.85975311507167
2025-04-21 18:04:22.128094,14.31372829680947,22.404585624648902,140.94362627695335
2025-04-21 18:04:22.193999,15.173355587588194,20.000609357751554,94.24273962016952
2025-04-21 18:04:22.266470,13.798622897434837,20.408506779127773,125.98127794452138
2025-04-21 18:04:22.346453,12.502656814573097,10.409610063292185,172.93734627293458
2025-04-21 18:04:22.426789,12.447719577773352,8.098788425798785,94.80726507329655
2025-04-21 18:04:22.504454,12.875812785682097,3.0936894040637535,164.24207161401407
2025-04-21 18:04:22.584768,12.451129317429091,0.27443657268939586,116.9899273715448
2025-04-21 18:04:22.664001,12.62100387464819,2.4663127754148753,96.8131073128414
2025-04-21 18:04:22.742593,12.723941368078176,4.569413827707803,175.59936561782732
2025-04-21 18:04:22.827203,11.818933932159318,0.4889151780784299,205.61731429508828
2025-04-21 18:04:22.903568,13.095004255876383,2.121795366481732,155.38718289149222
2025-04-21 18:04:22.980623,12.977743170462658,6.522122324460961,207.35764242255397
2025-04-21 18:04:23.061035,12.435954832612047,11.640656805701056,154.74323763384183
2025-04-21 18:04:23.140485,12.586532410320956,13.371486390691642,129.3902641767296
2025-04-21 18:04:23.226988,11.560292706611332,15.840241571130992,132.4479390322869
2025-04-21 18:04:23.303561,13.05943348177556,14.15025331448146,80.92073925475873
2025-04-21 18:04:23.376585,13.694127957931638,15.652527363027257,83.43369742627306
2025-04-21 18:04:23.460499,11.916962604571346,12.988006290303101,94.15053703872418
2025-04-21 18:04:23.535860,13.269462984833003,10.144678370987732,127.93496348021749
2025-04-21 18:04:23.616192,12.44833939152517,9.240156855912026,81.47115438670863
2025-04-21 18:04:23.702167,11.631288165164293,5.431099375941306,100.89946195009333
2025-04-21 18:04:23.773333,14.051653879661638,4.715088186080346,101.47383258108015
2025-04-21 18:04:23.854588,12.306934957848748,4.852204479572863,38.98210532977737
2025-04-21 18:04:23.933275,12.708579562062347,4.863835290786141,113.52215005740824
2025-04-21 18:04:24.012093,12.687457179832018,0.84027140065138,121.35743828105893
2025-04-21 18:04:24.091771,12.550515826200456,1.079533331710754,122.18828442556051
2025-04-21 18:04:24.171389,12.55997387525434,2.4218501205706082,110.0398524110054
2025-04-21 18:04:24.251478,12.486109203511095,5.013823006013332,115.35627348888983
2025-04-21 18:04:24.329405,12.832522745646568,5.251725254417304,81.34846929138861
2025-04-21 18:04:24.416475,11.485012059262663,7.646008472759383,95.85976721951305
2025-04-21 18:04:24.493917,12.912889646445082,9.910528285793948,84.76110158103167
2025-04-21 18:04:24.569561,13.219819152873988,13.745760466750392,67.07028745152921
2025-04-21 18:04:24.648350,12.69212707357626,14.338360732715195,54.04385975003104
2025-04-21 18:04:24.730374,12.191553691602458,14.675066021048965,59.68153126732435
2025-04-21 18:04:24.806279,13.17436269020486,15.427956585597364,83.50573588838971
2025-04-21 18:04:24.887068,12.377922737006276,14.700350063533808,194.35472920521966
2025-04-21 18:04:24.966429,12.600647673290407,11.67203389494676,125.67569006357307
2025-04-21 18:04:25.046552,12.480810753466546,10.964403362748762,86.00938009577987
2025-04-21 18:04:25.124760,12.786415711947626,10.036985951003736,149.1931117343489
2025-04-21 18:04:25.210787,11.624257500552151,8.478999299954776,103.01458936458077
2025-04-21 18:04:25.287643,13.011345893619238,12.35060067166579,101.26854160797572
2025-04-21 18:04:25.374024,11.576619858533705,12.764527105087748,211.59503156545128
2025-04-21 18:04:25.443357,14.423146265126274,11.428393148493356,179.90029629179458
2025-04-21 18:04:25.527121,11.93830285086672,9.248675870439591,154.8404403007322
2025-04-21 18:04:25.612932,11.653517614291875,7.3251521590760635,105.33631439146568
2025-04-21 18:04:25.686256,13.638099394468387,8.6284080470891,85.57745947780334
2025-04-21 18:04:25.760146,13.533631073216945,8.45890789406895,101.4554050915636
2025-04-21 18:04:25.843177,12.043694523732102,20.052308881422487,249.79666775428015
2025-04-21 18:04:25.916665,13.60766383627259,30.870861169004467,249.7394721365934
2025-04-21 18:04:25.997153,12.424212304939866,35.27231214616202,127.5495405919389
2025-04-21 18:04:26.079402,12.158202531337766,44.250083048251525,198.78485515931132
2025-04-21 18:04:26.165823,11.571261614653846,45.06150393079767,154.5687237840852
2025-04-21 18:04:26.235414,14.369674239484992,49.6011953930354,119.63786261143635
2025-04-21 18:04:26.315166,12.53887049854549,53.253347490360774,124.77154121402857
2025-04-21 18:04:26.394851,12.549413314927527,55.22958434071666,148.44536655427237
2025-04-21 18:04:26.476689,12.219262445318801,55.04546788189997,72.77410453503877
2025-04-21 18:04:26.553058,13.094318375256975,51.08711937289093,118.71744325370665
2025-04-21 18:04:26.633705,12.39971728644587,47.072217948224505,137.33900854384854
2025-04-21 18:04:26.712845,12.635835228708617,47.50105667410808,92.90001819161228
2025-04-21 18:04:26.794986,12.17418828599603,43.895832825433985,166.50725907404208
2025-04-21 18:04:26.875277,12.454696043143066,40.529866112885976,194.732129043318
2025-04-21 18:04:26.952057,13.024225058609012,40.04874335974585,100.0183552934874
2025-04-21 18:04:27.033595,12.264220363511491,35.46074189105794,105.56966297134656
2025-04-21 18:04:27.110136,13.064893325146,34.268990475652764,131.46513349226788
2025-04-21 18:04:27.189449,12.608273549102922,34.62361797623634,98.02924551223508
2025-04-21 18:04:27.267632,12.790504329585715,36.40055513344815,116.74420687434662
2025-04-21 18:04:27.348917,12.302392815402596,35.578480775537535,360.2588883260522
2025-04-21 18:04:27.427969,12.649901330769621,36.283426165507315,165.46516127461535
2025-04-21 18:04:27.510031,12.18590821573932,36.86744541207498,247.20885094850428
2025-04-21 18:04:27.587622,12.888092691162637,32.3980990356726,192.53045743518743
2025-04-21 18:04:27.666975,12.601918011921413,29.480319625188052,78.32702965981899
2025-04-21 18:04:27.752581,11.681424199238371,25.086836138936466,160.1815158558245
2025-04-21 18:04:27.830896,12.768945923514014,26.317319543441812,219.92389549371185
2025-04-21 18:04:27.906453,13.2350410948026,27.140941210261094,150.1364720031499
2025-04-21 18:04:28.002401,10.422312085713093,31.199714665212053,137.66105658854826
2025-04-21 18:04:28.070583,14.66662755565985,31.04622831778536,296.87640977750397
2025-04-21 18:04:28.143468,13.720244220347121,32.15107945656014,125.51015105087059
2025-04-21 18:04:28.219696,13.118539119483653,32.982683711093145,317.6149602309946
2025-04-21 18:04:28.303165,11.980495752914255,37.70855186096079,319.3215229792635
2025-04-21 18:04:28.382900,12.541543864049665,38.782619032763236,233.54188010015068
2025-04-21 18:04:28.464131,12.310571087392745,38.31722330064006,259.3596355816397
2025-04-21 18:04:28.548802,11.810419151775697,38.77495011383351,204.25120645936252
2025-04-21 18:04:28.620759,13.897188598746474,39.29144174861503,94.4125736204459
2025-04-21 18:04:28.701793,12.340499049781574,34.15117030532725,144.76226718246127
2025-04-21 18:04:28.783176,12.287578486907586,30.209305438543623,146.04694887745342
2025-04-21 18:04:28.855796,13.770311209033324,27.430709530318925,140.59328272017726
2025-04-21 18:04:28.933395,12.886764004690782,25.271016777135603,200.38052777109527
2025-04-21 18:04:29.012453,12.648941283614562,23.687482529554057,182.3829491561854
2025-04-21 18:04:29.097247,11.793287260891102,17.6773074615428,143.40663736092057
2025-04-21 18:04:29.171484,13.470371916968627,13.242016110821536,204.17954152862544
2025-04-21 18:04:29.260546,11.22813321057241,10.17141161093325,140.97326722647009
2025-04-21 18:04:29.336082,13.238720610040245,7.850618709618355,86.9005292148923
2025-04-21 18:04:29.413425,12.929418305470438,6.745826873840446,127.60880337623587
2025-04-21 18:04:29.486666,13.653554702966918,4.457810538772616,180.92577134550152
2025-04-21 18:04:29.574847,11.34031140495118,3.622555112453762,180.06547274118023
2025-04-21 18:04:29.653742,12.675074466062487,7.917436770686348,348.5637385157695
2025-04-21 18:04:29.729829,13.142849632657352,10.905939446766453,249.0273319337242
2025-04-21 18:04:29.811208,12.28818245493309,8.09549326731057,113.26101792397148
2025-04-21 18:04:29.890140,12.669132924542645,13.454065507941841,156.88190844074418
2025-04-21 18:04:29.966779,13.048186954422683,18.973768988783377,220.80702103504777
2025-04-21 18:04:30.051122,11.856348481794576,21.587649178686966,115.28997533193971
2025-04-21 18:04:30.129920,12.690677428361125,18.128798119017528,217.7551601716828
2025-04-21 18:04:30.198114,14.66404669032466,23.18552182798121,407.9391666408812
2025-04-21 18:04:30.276944,12.685525815045034,23.69479828511332,118.48955019823838
2025-04-21 18:04:30.359924,12.05109664979513,28.541032867415915,188.7781000807903
2025-04-21 18:04:30.454320,10.593669223272173,28.611773121460768,79.45986142400045
2025-04-21 18:04:30.529492,13.302825520140477,25.956542085629096,109.64752982173091
2025-04-21 18:04:30.599107,14.364720247073189,23.639879385453078,144.62810786609037
2025-04-21 18:04:30.670557,13.995801259622114,21.64888550230931,149.9417678441798
2025-04-21 18:04:30.750404,12.52395205831152,20.63152683979198,80.51186806496509
2025-04-21 18:04:30.832610,12.164562197406514,17.904673238698468,121.33094015959061
2025-04-21 18:04:30.911277,12.711810543175664,12.12739870136003,214.61861452087498
2025-04-21 18:04:30.985749,13.427865506499087,8.868985742674148,151.23301102118984
2025-04-21 18:04:31.085902,9.984723373238944,6.209288685769236,176.4062771145625
2025-04-21 18:04:31.164745,12.683434166634958,1.8895487274211633,144.1950805521793
2025-04-21 18:04:31.244932,12.470849389551923,1.4422694081299547,92.88101275097365
2025-04-21 18:04:31.322512,12.88992008249549,3.6808280339323867,153.71726820026745
2025-04-21 18:04:31.397983,13.250122563633715,4.004800428444036,183.84172271308947
2025-04-21 18:04:31.475663,12.873326467559217,3.2265995673596044,152.08805080849413
2025-04-21 18:04:31.563170,11.427657215994149,5.0103819048347376,274.97852994644137
2025-04-21 18:04:31.641500,12.76650070215754,7.0593444402613,187.87888442158774
2025-04-21 18:04:31.725406,11.918098824875457,9.593193810567923,121.60521945390107
2025-04-21 18:04:31.797557,13.85982176269213,6.68895816662081,214.17386826304534
